{"cameraMode":{"drawMode":0,"name":"Shaded","section":"Shading Mode"},"sceneLighting":true,"audioPlay":false,"sceneViewState":{"showFog":false,"showMaterialUpdate":true,"showSkybox":true,"showFlares":true,"showImageEffects":true,"showParticleSystems":true},"in2DMode":false,"pivot":{"x":-17.040714263916017,"y":-10.337465286254883,"z":6.02557373046875},"rotation":{"x":-0.3264334201812744,"y":-0.08406338095664978,"z":0.02915508672595024,"w":-0.9410379528999329},"size":7.626296043395996,"orthographic":false}