{"cameraMode":{"drawMode":0,"name":"Shaded","section":"Shading Mode"},"sceneLighting":false,"audioPlay":false,"sceneViewState":{"showFog":false,"showMaterialUpdate":true,"showSkybox":false,"showFlares":true,"showImageEffects":true,"showParticleSystems":true},"in2DMode":false,"pivot":{"x":0.0,"y":0.8405340313911438,"z":0.04046471416950226},"rotation":{"x":-0.01036817580461502,"y":-0.9763544201850891,"z":0.21055135130882264,"w":-0.04807984083890915},"size":1.3690669536590577,"orthographic":false}